,player_name,B,S,ball,called_strike,missed_call_dre_B,missed_call_dre_S,batter_team
0,A.J. Pollock-SEA,9.0,7.0,169.0,73.0,-1.096,0.9339999999999999,SEA
1,A.J. Pollock-SF,1.0,2.0,13.0,5.0,-0.07500000000000001,0.14900000000000002,SF
2,Aaron Hicks-BAL,13.0,9.0,247.0,141.0,-1.5830000000000002,1.2189999999999999,BAL
3,Aaron Hicks-NYY,11.0,6.0,112.0,53.0,-1.6640000000000001,0.627,NYY
4,Aaron Judge-NYY,34.0,21.0,459.0,190.0,-4.257,2.5570000000000004,NYY
5,Abraham Almonte-NYM,2.0,1.0,11.0,6.0,-0.389,0.036000000000000004,NYM
6,Abraham Toro-MIL,2.0,0.0,17.0,18.0,-0.09100000000000001,0.0,MIL
7,Adam Duvall-BOS,25.0,10.0,260.0,153.0,-4.345,1.292,BOS
8,Adam Frazier-BAL,35.0,19.0,443.0,252.0,-3.974,1.574,BAL
9,Adam Haseley-CWS,3.0,5.0,41.0,14.0,-0.462,0.542,CWS
10,Adley Rutschman-BAL,62.0,27.0,777.0,441.0,-7.447999999999998,3.4380000000000006,BAL
11,Adolis Garcia-TEX,54.0,34.0,705.0,303.0,-8.189999999999998,6.564,TEX
12,Akil Baddoo-DET,13.0,22.0,347.0,138.0,-1.6520000000000001,4.668,DET
13,Alan Trejo-COL,10.0,10.0,208.0,101.0,-1.5200000000000002,0.9279999999999999,COL
14,Alec Bohm-PHI,17.0,29.0,534.0,258.0,-4.3180000000000005,4.461,PHI
15,Alec Burleson-STL,21.0,15.0,283.0,142.0,-3.741,1.6480000000000001,STL
16,Aledmys Diaz-OAK,12.0,11.0,263.0,145.0,-1.058,1.0310000000000001,OAK
17,Alejandro Kirk-TOR,36.0,23.0,408.0,272.0,-4.555,3.7640000000000002,TOR
18,Alek Thomas-AZ,18.0,26.0,303.0,178.0,-2.545,3.0530000000000004,AZ
19,Alex Bregman-HOU,61.0,33.0,816.0,398.0,-7.7310000000000025,4.500000000000001,HOU
20,Alex Call-WSH,42.0,25.0,589.0,322.0,-6.430000000000001,3.157,WSH
21,Alex Kirilloff-MIN,27.0,8.0,338.0,183.0,-3.3370000000000006,0.627,MIN
22,Alex Verdugo-BOS,37.0,50.0,632.0,414.0,-4.078,6.362,BOS
23,Alfonso Rivas-PIT,3.0,1.0,62.0,37.0,-0.535,0.245,PIT
24,Alfonso Rivas-SD,0.0,2.0,30.0,19.0,0.0,0.295,SD
25,Amed Rosario-CLE,21.0,15.0,445.0,223.0,-1.9860000000000002,1.642,CLE
26,Amed Rosario-LAD,2.0,2.0,36.0,22.0,-0.145,0.258,LAD
27,Andres Gimenez-CLE,21.0,25.0,519.0,242.0,-1.9049999999999998,2.632,CLE
28,Andrew Benintendi-CWS,20.0,30.0,592.0,270.0,-2.4890000000000003,3.7350000000000003,CWS
29,Andrew Knizner-STL,4.0,6.0,143.0,71.0,-0.523,0.6000000000000001,STL
30,Andrew McCutchen-PIT,38.0,37.0,647.0,312.0,-4.938000000000001,6.356999999999999,PIT
31,Andrew Vaughn-CWS,42.0,22.0,543.0,307.0,-4.371,3.0500000000000003,CWS
32,Andrew Velazquez-LAA,5.0,2.0,93.0,23.0,-0.5050000000000001,0.623,LAA
33,Andruw Monasterio-MIL,14.0,17.0,270.0,151.0,-1.9529999999999998,3.376,MIL
34,Andy Ibanez-DET,25.0,12.0,269.0,144.0,-2.589000000000001,1.3630000000000002,DET
35,Anthony Rendon-LAA,23.0,10.0,289.0,144.0,-2.1990000000000003,2.553,LAA
36,Anthony Rizzo-NYY,47.0,37.0,522.0,297.0,-7.998999999999999,3.899,NYY
37,Anthony Santander-BAL,41.0,18.0,679.0,323.0,-5.478000000000001,2.853,BAL
38,Anthony Volpe-NYY,33.0,24.0,581.0,284.0,-4.245,1.9850000000000003,NYY
39,Austin Barnes-LAD,8.0,14.0,191.0,106.0,-1.555,1.4289999999999998,LAD
40,Austin Hays-BAL,34.0,19.0,493.0,279.0,-4.768,2.8869999999999996,BAL
41,Austin Hedges-PIT,12.0,12.0,212.0,87.0,-1.674,3.476,PIT
42,Austin Hedges-TEX,1.0,1.0,6.0,2.0,-0.07500000000000001,0.07400000000000001,TEX
43,Austin Meadows-DET,1.0,0.0,18.0,15.0,-0.054000000000000006,0.0,DET
44,Austin Nola-SD,11.0,21.0,238.0,130.0,-1.7440000000000002,3.255000000000001,SD
45,Austin Riley-ATL,37.0,34.0,715.0,320.0,-5.715000000000001,4.877000000000001,ATL
46,Austin Slater-SF,16.0,5.0,185.0,102.0,-1.799,0.946,SF
47,Austin Wynns-COL,10.0,3.0,85.0,57.0,-1.141,0.34400000000000003,COL
48,Austin Wynns-LAD,3.0,1.0,21.0,15.0,-0.276,0.05600000000000001,LAD
49,Avisail Garcia-MIA,9.0,2.0,116.0,50.0,-1.1849999999999998,0.129,MIA
50,Ben Rortvedt-NYY,2.0,1.0,58.0,31.0,-0.31500000000000006,0.437,NYY
51,Billy McKinney-NYY,11.0,8.0,202.0,95.0,-1.07,0.854,NYY
52,Blake Perkins-MIL,14.0,12.0,217.0,136.0,-3.061,1.6109999999999998,MIL
53,Blake Rutherford-WSH,1.0,1.0,15.0,6.0,-0.07500000000000001,0.07500000000000001,WSH
54,Blake Sabol-SF,22.0,14.0,354.0,153.0,-2.6820000000000004,1.9410000000000003,SF
55,Bligh Madris-HOU,3.0,3.0,40.0,12.0,-0.234,0.308,HOU
56,Bo Bichette-TOR,37.0,36.0,529.0,204.0,-3.9540000000000006,4.766000000000001,TOR
57,Bo Naylor-CLE,4.0,16.0,197.0,79.0,-0.849,2.52,CLE
58,Bobby Dalbec-BOS,2.0,0.0,30.0,12.0,-0.137,0.0,BOS
59,Bobby Witt Jr.-KC,38.0,29.0,633.0,286.0,-4.420000000000001,3.2449999999999997,KC
60,Brad Miller-TEX,9.0,11.0,112.0,57.0,-1.539,1.44,TEX
61,Brandon Belt-TOR,48.0,21.0,585.0,255.0,-6.263000000000001,3.1779999999999995,TOR
62,Brandon Crawford-SF,14.0,17.0,329.0,122.0,-1.6559999999999997,1.8829999999999998,SF
63,Brandon Dixon-SD,7.0,10.0,92.0,61.0,-0.885,1.596,SD
64,Brandon Drury-LAA,17.0,18.0,397.0,202.0,-2.586,2.1320000000000006,LAA
65,Brandon Lowe-TB,19.0,23.0,430.0,138.0,-2.152,3.868,TB
66,Brandon Marsh-PHI,37.0,24.0,538.0,283.0,-5.925000000000001,3.3579999999999997,PHI
67,Brandon Nimmo-NYM,40.0,33.0,762.0,409.0,-6.1960000000000015,4.048,NYM
68,Brayan Rocchio-CLE,6.0,3.0,57.0,34.0,-0.753,0.898,CLE
69,Brendan Donovan-STL,40.0,20.0,498.0,277.0,-4.338999999999999,2.299,STL
70,Brendan Rodgers-COL,3.0,0.0,42.0,33.0,-0.29400000000000004,0.0,COL
71,Brent Rooker-OAK,36.0,28.0,506.0,249.0,-4.032000000000001,3.9620000000000006,OAK
72,Brenton Doyle-COL,22.0,20.0,338.0,142.0,-3.017,2.739,COL
73,Brett Baty-NYM,27.0,24.0,409.0,222.0,-3.6670000000000007,4.397,NYM
74,Brett Phillips-LAA,2.0,1.0,26.0,15.0,-0.14,0.142,LAA
75,Brian Anderson-MIL,27.0,28.0,477.0,217.0,-4.789,2.648999999999999,MIL
76,Brian Serven-COL,1.0,2.0,20.0,16.0,-0.07400000000000001,0.11000000000000001,COL
77,Brice Turang-MIL,24.0,18.0,435.0,207.0,-2.487,2.1260000000000003,MIL
78,Bryan De La Cruz-MIA,42.0,18.0,609.0,315.0,-3.5530000000000004,2.457,MIA
79,Bryan Reynolds-PIT,51.0,30.0,647.0,252.0,-5.8960000000000035,4.058,PIT
80,Bryce Harper-PHI,21.0,17.0,499.0,131.0,-2.2990000000000004,1.7260000000000002,PHI
81,Bryson Stott-PHI,37.0,22.0,604.0,436.0,-3.5760000000000005,2.6350000000000002,PHI
82,Bubba Thompson-TEX,6.0,5.0,70.0,27.0,-0.5740000000000001,0.575,TEX
83,Byron Buxton-MIN,27.0,27.0,470.0,184.0,-3.357,3.727,MIN
84,C.J. Cron-COL,22.0,17.0,283.0,162.0,-3.2019999999999995,1.4420000000000002,COL
85,C.J. Cron-LAA,2.0,2.0,41.0,26.0,-0.17300000000000001,0.11000000000000001,LAA
86,CJ Abrams-WSH,24.0,24.0,450.0,213.0,-4.0920000000000005,2.1750000000000007,WSH
87,Cal Mitchell-PIT,2.0,0.0,7.0,3.0,-0.44699999999999995,0.0,PIT
88,Cal Raleigh-SEA,18.0,24.0,559.0,217.0,-2.3259999999999996,2.316,SEA
89,Cal Stevenson-SF,1.0,1.0,28.0,11.0,-0.101,0.21000000000000002,SF
90,Cam Gallagher-CLE,7.0,4.0,148.0,81.0,-1.1960000000000002,0.319,CLE
91,Canaan Smith-Njigba-PIT,2.0,1.0,55.0,31.0,-0.129,0.119,PIT
92,Carlos Correa-MIN,39.0,16.0,613.0,345.0,-5.939000000000003,2.368,MIN
93,Carlos Perez-OAK,11.0,4.0,182.0,100.0,-1.482,0.46799999999999997,OAK
94,Carlos Santana-MIL,4.0,3.0,83.0,37.0,-0.451,0.44400000000000006,MIL
95,Carlos Santana-PIT,25.0,24.0,571.0,228.0,-2.801,4.102000000000001,PIT
96,Carson Kelly-AZ,7.0,4.0,112.0,68.0,-0.9640000000000001,0.49900000000000005,AZ
97,Casey Schmitt-SF,14.0,19.0,202.0,100.0,-1.972,2.36,SF
98,Cavan Biggio-TOR,30.0,12.0,262.0,173.0,-3.988000000000001,1.451,TOR
99,Cedric Mullins-BAL,26.0,18.0,420.0,197.0,-3.959999999999999,2.7880000000000003,BAL
100,Chad Wallach-LAA,6.0,12.0,187.0,79.0,-0.674,2.543,LAA
101,Chadwick Tromp-ATL,0.0,1.0,14.0,10.0,0.0,0.21000000000000002,ATL
102,Charlie Blackmon-COL,17.0,15.0,301.0,149.0,-1.9409999999999998,1.831,COL
103,Chas McCormick-HOU,31.0,14.0,420.0,183.0,-3.7270000000000003,1.842,HOU
104,Chris Owings-PIT,1.0,2.0,22.0,12.0,-0.07500000000000001,0.422,PIT
105,Chris Taylor-LAD,18.0,25.0,394.0,152.0,-2.299,4.045000000000001,LAD
106,Christian Arroyo-BOS,12.0,13.0,211.0,75.0,-1.811,2.331,BOS
107,Christian Bethancourt-TB,12.0,12.0,273.0,99.0,-1.483,1.4219999999999997,TB
108,Christian Encarnacion-Strand-CIN,5.0,3.0,104.0,46.0,-0.36400000000000005,0.361,CIN
109,Christian Vazquez-MIN,14.0,15.0,321.0,167.0,-2.329,2.04,MIN
110,Christian Walker-AZ,33.0,45.0,685.0,271.0,-3.1389999999999993,6.890999999999999,AZ
111,Christian Yelich-MIL,47.0,33.0,770.0,327.0,-7.735999999999999,3.6870000000000003,MIL
112,Christopher Morel-CHC,30.0,23.0,407.0,177.0,-5.147000000000001,3.9799999999999995,CHC
113,Clint Frazier-CWS,3.0,4.0,127.0,47.0,-0.17600000000000002,0.30100000000000005,CWS
114,Cody Bellinger-CHC,26.0,25.0,483.0,238.0,-3.503,2.6529999999999996,CHC
115,Cole Tucker-COL,1.0,1.0,16.0,8.0,-0.472,0.111,COL
116,Colton Cowser-BAL,7.0,7.0,139.0,66.0,-0.845,1.133,BAL
117,Conner Capel-OAK,3.0,6.0,130.0,71.0,-0.36,0.808,OAK
118,Connor Joe-PIT,43.0,33.0,522.0,328.0,-6.031999999999999,5.603,PIT
119,Connor Wong-BOS,20.0,16.0,329.0,172.0,-2.4979999999999998,2.539,BOS
120,Cooper Hummel-SEA,1.0,2.0,42.0,17.0,-0.197,0.178,SEA
121,Corbin Carroll-AZ,38.0,34.0,645.0,305.0,-5.665999999999999,3.8640000000000003,AZ
122,Corey Dickerson-WSH,3.0,14.0,142.0,65.0,-0.374,1.658,WSH
123,Corey Julks-HOU,25.0,20.0,444.0,235.0,-2.3560000000000003,4.555,HOU
124,Corey Seager-TEX,18.0,18.0,425.0,101.0,-2.58,2.452,TEX
125,Cristian Pache-PHI,0.0,4.0,57.0,25.0,0.0,0.898,PHI
126,Curt Casali-CIN,8.0,8.0,130.0,58.0,-1.4780000000000002,1.3940000000000001,CIN
127,Curtis Mead-TB,2.0,1.0,25.0,12.0,-0.10400000000000001,0.092,TB
128,DJ LeMahieu-NYY,43.0,31.0,519.0,365.0,-5.625000000000002,3.805000000000001,NYY
129,DJ Stewart-NYM,2.0,2.0,89.0,20.0,-0.633,0.481,NYM
130,Dairon Blanco-KC,5.0,2.0,107.0,45.0,-0.94,0.186,KC
131,Dane Myers-MIA,1.0,4.0,65.0,42.0,-0.054000000000000006,0.374,MIA
132,Daniel Vogelbach-NYM,26.0,31.0,409.0,277.0,-2.7859999999999996,4.567,NYM
133,Danny Jansen-TOR,17.0,20.0,367.0,144.0,-2.2920000000000003,3.564,TOR
134,Danny Mendick-NYM,5.0,7.0,53.0,36.0,-0.667,0.654,NYM
135,Dansby Swanson-CHC,31.0,22.0,629.0,288.0,-3.3830000000000005,4.390000000000001,CHC
136,Darick Hall-PHI,1.0,2.0,62.0,23.0,-0.532,0.32400000000000007,PHI
137,Darin Ruf-MIL,1.0,4.0,54.0,32.0,-0.091,0.314,MIL
138,Darin Ruf-SF,3.0,1.0,47.0,30.0,-0.28800000000000003,0.6749999999999999,SF
139,Daulton Varsho-TOR,32.0,27.0,543.0,263.0,-4.309,4.799,TOR
140,David Dahl-SD,1.0,1.0,10.0,5.0,-0.07500000000000001,0.036000000000000004,SD
141,David Fletcher-LAA,3.0,4.0,46.0,29.0,-0.7579999999999999,0.641,LAA
142,David Hamilton-BOS,2.0,1.0,45.0,34.0,-0.129,0.23500000000000001,BOS
143,David Hensley-HOU,14.0,3.0,139.0,100.0,-1.963,0.195,HOU
144,David Peralta-LAD,23.0,15.0,336.0,158.0,-2.8970000000000002,3.21,LAD
145,David Villar-SF,9.0,10.0,177.0,108.0,-1.893,1.27,SF
146,Derek Hill-WSH,4.0,5.0,64.0,28.0,-0.657,0.516,WSH
147,Dominic Canzone-AZ,2.0,3.0,41.0,21.0,-0.266,0.188,AZ
148,Dominic Canzone-SEA,5.0,2.0,35.0,21.0,-0.6420000000000001,0.126,SEA
149,Dominic Fletcher-AZ,4.0,9.0,118.0,66.0,-0.30400000000000005,1.2940000000000003,AZ
150,Dominic Smith-WSH,29.0,15.0,555.0,271.0,-4.170999999999999,1.6620000000000001,WSH
151,Donovan Solano-MIN,27.0,26.0,430.0,247.0,-3.085000000000001,3.958,MIN
152,Drew Ellis-PHI,1.0,4.0,55.0,22.0,-0.7969999999999999,0.5030000000000001,PHI
153,Drew Waters-KC,18.0,7.0,253.0,120.0,-1.7840000000000005,1.059,KC
154,Dylan Carlson-STL,26.0,17.0,356.0,173.0,-4.289000000000001,2.311,STL
155,Dylan Moore-SEA,7.0,6.0,86.0,59.0,-0.785,0.7040000000000001,SEA
156,Eddie Rosario-ATL,23.0,14.0,376.0,180.0,-2.805,1.0600000000000003,ATL
157,Edmundo Sosa-PHI,16.0,12.0,213.0,109.0,-1.6139999999999999,1.629,PHI
158,Edouard Julien-MIN,31.0,12.0,395.0,209.0,-5.215000000000001,1.831,MIN
159,Eduardo Escobar-LAA,9.0,6.0,133.0,69.0,-1.418,0.667,LAA
160,Eduardo Escobar-NYM,15.0,9.0,155.0,79.0,-1.65,0.966,NYM
161,Edward Olivares-KC,27.0,17.0,360.0,172.0,-3.0889999999999995,1.6640000000000001,KC
162,Edwin Rios-CHC,1.0,4.0,49.0,26.0,-0.07500000000000001,0.702,CHC
163,Ehire Adrianza-ATL,1.0,0.0,16.0,10.0,-0.184,0.0,ATL
164,Elehuris Montero-COL,13.0,8.0,185.0,116.0,-2.043,0.747,COL
165,Eli White-ATL,3.0,3.0,26.0,11.0,-0.366,0.30800000000000005,ATL
166,Elias Diaz-COL,19.0,24.0,486.0,165.0,-2.5100000000000002,2.6270000000000002,COL
167,Elly De La Cruz-CIN,18.0,11.0,330.0,170.0,-1.955,1.7240000000000002,CIN
168,Eloy Jimenez-CWS,22.0,12.0,358.0,152.0,-2.7229999999999994,1.211,CWS
169,Elvis Andrus-CWS,26.0,29.0,384.0,226.0,-3.422,3.5740000000000003,CWS
170,Emmanuel Rivera-AZ,22.0,10.0,322.0,155.0,-2.3790000000000004,1.0370000000000001,AZ
171,Endy Rodriguez-PIT,9.0,5.0,109.0,52.0,-1.013,0.9330000000000002,PIT
172,Enmanuel Valdez-BOS,10.0,6.0,139.0,86.0,-1.2830000000000001,0.6659999999999999,BOS
173,Enrique Hernandez-BOS,29.0,18.0,428.0,228.0,-2.6060000000000003,2.165,BOS
174,Enrique Hernandez-LAD,4.0,6.0,78.0,36.0,-0.45699999999999996,0.927,LAD
175,Eric Haase-DET,22.0,20.0,310.0,148.0,-3.322,3.3520000000000003,DET
176,Eric Hosmer-CHC,6.0,8.0,124.0,68.0,-1.075,1.0030000000000001,CHC
177,Esteury Ruiz-OAK,23.0,15.0,427.0,207.0,-3.088,1.368,OAK
178,Eugenio Suarez-SEA,40.0,45.0,717.0,353.0,-4.570000000000002,6.825,SEA
179,Evan Longoria-AZ,13.0,19.0,259.0,147.0,-1.863,2.2230000000000003,AZ
180,Ezequiel Duran-TEX,18.0,13.0,403.0,180.0,-1.8750000000000002,1.2309999999999999,TEX
181,Ezequiel Tovar-COL,34.0,7.0,460.0,187.0,-3.567000000000001,1.1520000000000001,COL
182,Fernando Tatis Jr.-SD,27.0,32.0,533.0,136.0,-2.6330000000000005,4.3740000000000006,SD
183,Forrest Wall-ATL,1.0,0.0,4.0,5.0,-0.14800000000000002,0.0,ATL
184,Franchy Cordero-NYY,4.0,3.0,76.0,44.0,-0.324,0.266,NYY
185,Francisco Alvarez-NYM,25.0,17.0,424.0,196.0,-4.565000000000001,2.366,NYM
186,Francisco Lindor-NYM,43.0,29.0,707.0,309.0,-4.983,5.564999999999999,NYM
187,Francisco Mejia-TB,12.0,8.0,133.0,84.0,-1.2269999999999999,1.0150000000000001,TB
188,Franmil Reyes-KC,9.0,2.0,95.0,46.0,-1.99,0.259,KC
189,Freddie Freeman-LAD,32.0,42.0,720.0,246.0,-3.479,4.4060000000000015,LAD
190,Gabriel Arias-CLE,12.0,11.0,285.0,106.0,-1.986,1.151,CLE
191,Gabriel Moreno-AZ,27.0,24.0,338.0,218.0,-3.0440000000000005,2.5180000000000002,AZ
192,Garrett Cooper-MIA,15.0,19.0,389.0,196.0,-1.6889999999999998,2.8720000000000003,MIA
193,Garrett Cooper-SD,1.0,2.0,22.0,10.0,-0.111,0.182,SD
194,Garrett Hampson-MIA,10.0,16.0,199.0,120.0,-1.931,2.385,MIA
195,Garrett Mitchell-MIL,10.0,5.0,80.0,45.0,-1.336,0.647,MIL
196,Garrett Stubbs-PHI,9.0,6.0,111.0,58.0,-0.774,0.9840000000000001,PHI
197,Gary Sanchez-NYM,1.0,0.0,8.0,10.0,-0.092,0.0,NYM
198,Gary Sanchez-SD,28.0,15.0,307.0,187.0,-4.26,2.729,SD
199,Gavin Sheets-CWS,22.0,16.0,361.0,152.0,-3.077,2.652,CWS
200,George Springer-TOR,40.0,35.0,631.0,261.0,-5.4190000000000005,3.4799999999999995,TOR
201,Geraldo Perdomo-AZ,31.0,29.0,572.0,317.0,-4.381,3.3629999999999995,AZ
202,Giancarlo Stanton-NYY,27.0,30.0,419.0,212.0,-3.5530000000000004,5.188999999999999,NYY
203,Giovanny Urshela-LAA,19.0,13.0,263.0,118.0,-1.704,1.976,LAA
204,Gleyber Torres-NYY,46.0,33.0,679.0,305.0,-4.852000000000002,5.667000000000002,NYY
205,Greg Allen-NYY,2.0,1.0,27.0,14.0,-0.12000000000000001,0.14800000000000002,NYY
206,Gunnar Henderson-BAL,41.0,51.0,599.0,298.0,-4.854000000000001,11.676,BAL
207,Ha-seong Kim-SD,51.0,61.0,738.0,476.0,-6.600999999999999,7.458999999999999,SD
208,Hanser Alberto-CWS,1.0,1.0,65.0,20.0,-0.044000000000000004,0.111,CWS
209,Harold Castro-COL,10.0,7.0,239.0,121.0,-0.896,0.5960000000000001,COL
210,Harold Ramirez-TB,24.0,20.0,339.0,156.0,-3.085,1.5960000000000003,TB
211,Harrison Bader-NYY,22.0,18.0,288.0,161.0,-2.413,2.7079999999999997,NYY
212,Heliot Ramos-SF,2.0,3.0,40.0,24.0,-0.24,0.29600000000000004,SF
213,Henry Davis-PIT,17.0,10.0,276.0,134.0,-1.7679999999999998,1.339,PIT
214,Hunter Dozier-KC,6.0,1.0,120.0,51.0,-0.45000000000000007,0.07500000000000001,KC
215,Hunter Renfroe-LAA,42.0,27.0,539.0,251.0,-7.290000000000002,3.9139999999999997,LAA
216,Ian Happ-CHC,36.0,52.0,820.0,324.0,-7.3709999999999996,8.589000000000002,CHC
217,Ildemaro Vargas-WSH,10.0,13.0,166.0,110.0,-0.659,1.278,WSH
218,Isaac Paredes-TB,54.0,24.0,580.0,289.0,-6.487,3.955999999999999,TB
219,Isan Diaz-SF,1.0,3.0,23.0,17.0,-0.07500000000000001,0.9099999999999999,SF
220,Isiah Kiner-Falefa-NYY,15.0,29.0,381.0,229.0,-1.058,3.4970000000000003,NYY
221,Ivan Herrera-STL,1.0,3.0,44.0,21.0,-0.054000000000000006,0.36400000000000005,STL
222,J.D. Davis-SF,23.0,28.0,551.0,176.0,-3.951,4.29,SF
223,J.D. Martinez-LAD,40.0,18.0,460.0,194.0,-6.186999999999999,2.205,LAD
224,J.P. Crawford-SEA,29.0,49.0,769.0,387.0,-4.029,6.364999999999998,SEA
225,J.T. Realmuto-PHI,32.0,31.0,506.0,237.0,-3.3869999999999996,3.165000000000001,PHI
226,JJ Bleday-OAK,30.0,21.0,435.0,178.0,-4.711000000000001,2.99,OAK
227,Jace Peterson-AZ,2.0,5.0,52.0,27.0,-0.18400000000000002,0.758,AZ
228,Jace Peterson-OAK,31.0,24.0,441.0,276.0,-4.664999999999999,2.449000000000001,OAK
229,Jack Suwinski-PIT,43.0,25.0,649.0,352.0,-7.602,3.186,PIT
230,Jackie Bradley Jr.-KC,4.0,16.0,121.0,59.0,-0.37300000000000005,2.178,KC
231,Jacob Amaya-MIA,0.0,2.0,8.0,5.0,0.0,0.197,MIA
232,Jacob Stallings-MIA,22.0,14.0,268.0,153.0,-2.9250000000000003,1.5220000000000002,MIA
233,Jahmai Jones-MIL,2.0,1.0,17.0,8.0,-0.368,0.10900000000000001,MIL
234,Jake Alu-WSH,1.0,1.0,54.0,30.0,-0.036000000000000004,0.09,WSH
235,Jake Bauers-NYY,21.0,21.0,346.0,163.0,-2.538,2.8880000000000003,NYY
236,Jake Burger-CWS,15.0,30.0,359.0,169.0,-1.637,4.388000000000001,CWS
237,Jake Burger-MIA,3.0,5.0,69.0,23.0,-0.19400000000000003,0.32399999999999995,MIA
238,Jake Cave-PHI,7.0,8.0,161.0,83.0,-0.906,0.67,PHI
239,Jake Cronenworth-SD,35.0,24.0,621.0,335.0,-5.422000000000001,3.5950000000000006,SD
240,Jake Fraley-CIN,16.0,17.0,406.0,145.0,-1.5830000000000002,2.307,CIN
241,Jake Lamb-LAA,3.0,1.0,76.0,35.0,-1.101,0.111,LAA
242,Jake Marisnick-DET,8.0,4.0,71.0,40.0,-1.1099999999999999,0.656,DET
243,Jake Marisnick-LAD,1.0,0.0,9.0,5.0,-0.111,0.0,LAD
244,Jake McCarthy-AZ,19.0,17.0,342.0,156.0,-1.8690000000000002,2.598,AZ
245,Jake Meyers-HOU,23.0,21.0,389.0,183.0,-2.779,4.4,HOU
246,Jake Rogers-DET,16.0,19.0,351.0,191.0,-1.5070000000000001,2.7670000000000003,DET
247,James McCann-BAL,8.0,10.0,174.0,87.0,-1.524,0.803,BAL
248,James Outman-LAD,37.0,26.0,591.0,261.0,-4.928,4.565000000000001,LAD
249,Jared Walsh-LAA,4.0,6.0,120.0,58.0,-0.316,1.022,LAA
250,Jared Young-CHC,0.0,5.0,53.0,20.0,0.0,0.524,CHC
251,Jarred Kelenic-SEA,20.0,28.0,489.0,219.0,-2.361,3.8489999999999998,SEA
252,Jarren Duran-BOS,34.0,14.0,419.0,203.0,-4.829999999999999,1.739,BOS
253,Jason Delay-PIT,6.0,6.0,139.0,74.0,-0.6080000000000001,0.755,PIT
254,Jason Heyward-LAD,13.0,20.0,366.0,185.0,-2.001,2.557,LAD
255,Jason Vosler-CIN,4.0,5.0,94.0,41.0,-0.76,0.9490000000000001,CIN
256,Javier Baez-DET,21.0,25.0,447.0,211.0,-2.261,2.7080000000000006,DET
257,Jazz Chisholm-MIA,25.0,22.0,313.0,154.0,-2.956,2.7470000000000003,MIA
258,Jean Segura-MIA,23.0,13.0,372.0,220.0,-3.0040000000000004,1.956,MIA
259,Jeff McNeil-NYM,27.0,30.0,553.0,210.0,-3.2339999999999995,3.0140000000000007,NYM
260,Jeimer Candelario-CHC,4.0,5.0,63.0,34.0,-0.8869999999999999,1.204,CHC
261,Jeimer Candelario-WSH,33.0,25.0,585.0,250.0,-4.014000000000001,2.694,WSH
262,Jeremy Pena-HOU,25.0,26.0,523.0,216.0,-3.003,3.8320000000000003,HOU
263,Jesse Winker-MIL,22.0,13.0,310.0,144.0,-2.487,1.882,MIL
264,Jesus Aguilar-OAK,3.0,3.0,128.0,102.0,-0.256,0.589,OAK
265,Jesus Sanchez-MIA,21.0,20.0,358.0,155.0,-3.3850000000000007,3.0530000000000004,MIA
266,Jeter Downs-WSH,0.0,1.0,13.0,3.0,0.0,0.527,WSH
267,Ji Hwan Bae-PIT,27.0,21.0,300.0,147.0,-2.952,1.8689999999999998,PIT
268,Ji-Man Choi-PIT,15.0,4.0,98.0,54.0,-2.1119999999999997,0.20900000000000005,PIT
269,Ji-Man Choi-SD,1.0,0.0,32.0,10.0,-0.099,0.0,SD
270,Jo Adell-LAA,4.0,3.0,18.0,14.0,-0.56,0.42800000000000005,LAA
271,Joc Pederson-SF,23.0,19.0,446.0,191.0,-2.6710000000000003,4.2669999999999995,SF
272,Joey Bart-SF,8.0,4.0,95.0,53.0,-0.561,0.8160000000000001,SF
273,Joey Gallo-MIN,13.0,28.0,490.0,151.0,-1.094,3.780000000000001,MIN
274,Joey Meneses-WSH,48.0,25.0,583.0,343.0,-7.093,3.2810000000000006,WSH
275,Joey Ortiz-BAL,4.0,3.0,25.0,27.0,-0.502,0.36000000000000004,BAL
276,Joey Votto-CIN,5.0,15.0,247.0,79.0,-0.57,2.6919999999999997,CIN
277,Joey Wendle-MIA,20.0,4.0,279.0,180.0,-2.395,0.325,MIA
278,Joey Wiemer-MIL,36.0,28.0,477.0,243.0,-6.628,3.2640000000000007,MIL
279,Johan Rojas-PHI,4.0,3.0,56.0,44.0,-0.6990000000000001,0.21700000000000003,PHI
280,Jon Berti-MIA,25.0,25.0,410.0,222.0,-5.055,3.1630000000000003,MIA
281,Jonah Bride-OAK,5.0,12.0,110.0,85.0,-0.651,1.898,OAK
282,Jonah Heim-TEX,23.0,25.0,463.0,183.0,-2.6400000000000006,3.9869999999999997,TEX
283,Jonathan Arauz-NYM,2.0,2.0,31.0,25.0,-0.765,1.217,NYM
284,Jonathan Davis-MIA,10.0,6.0,146.0,80.0,-1.635,0.583,MIA
285,Jonathan India-CIN,41.0,45.0,665.0,396.0,-5.887,6.135999999999999,CIN
286,Jonathan Schoop-DET,6.0,7.0,206.0,71.0,-0.9800000000000001,0.8360000000000001,DET
287,Jonathan Singleton-HOU,0.0,2.0,43.0,11.0,0.0,0.18400000000000002,HOU
288,Jonathan Singleton-MIL,3.0,4.0,54.0,24.0,-0.461,0.782,MIL
289,Jonny Deluca-LAD,1.0,1.0,49.0,22.0,-0.092,0.05,LAD
290,Jordan Diaz-OAK,10.0,4.0,193.0,79.0,-0.98,0.9710000000000001,OAK
291,Jordan Luplow-MIN,3.0,1.0,30.0,12.0,-0.199,0.105,MIN
292,Jordan Luplow-TOR,2.0,2.0,28.0,10.0,-0.251,0.25,TOR
293,Jordan Walker-STL,26.0,14.0,323.0,147.0,-4.732,1.7,STL
294,Jordan Westburg-BAL,12.0,8.0,138.0,64.0,-0.867,0.9590000000000002,BAL
295,Jorge Alfaro-BOS,0.0,1.0,21.0,4.0,0.0,0.10700000000000001,BOS
296,Jorge Alfaro-COL,2.0,2.0,25.0,11.0,-0.167,0.129,COL
297,Jorge Mateo-BAL,25.0,6.0,321.0,174.0,-2.941,0.48600000000000004,BAL
298,Jorge Polanco-MIN,18.0,7.0,257.0,128.0,-2.0260000000000002,0.589,MIN
299,Jorge Soler-MIA,47.0,23.0,679.0,293.0,-6.049999999999999,3.045,MIA
300,Jose Abreu-HOU,34.0,27.0,559.0,317.0,-4.226,3.8330000000000006,HOU
301,Jose Altuve-HOU,24.0,16.0,309.0,152.0,-4.294,2.071,HOU
302,Jose Azocar-SD,4.0,1.0,47.0,35.0,-0.3,0.286,SD
303,Jose Barrero-CIN,13.0,8.0,192.0,83.0,-1.755,1.874,CIN
304,Jose Caballero-SEA,20.0,14.0,282.0,204.0,-2.079,1.879,SEA
305,Jose Herrera-AZ,13.0,5.0,144.0,99.0,-2.106,1.0430000000000001,AZ
306,Jose Miranda-MIN,14.0,8.0,175.0,71.0,-1.314,1.04,MIN
307,Jose Ramirez-CLE,33.0,31.0,693.0,282.0,-3.8970000000000002,3.389000000000001,CLE
308,Jose Siri-TB,27.0,15.0,320.0,165.0,-3.242,1.968,TB
309,Jose Trevino-NYY,16.0,9.0,189.0,135.0,-1.2630000000000001,0.657,NYY
310,Josh Bell-CLE,28.0,26.0,562.0,203.0,-3.73,2.984000000000001,CLE
311,Josh Bell-MIA,3.0,3.0,74.0,29.0,-0.31,0.238,MIA
312,Josh Donaldson-NYY,13.0,9.0,159.0,79.0,-2.064,1.6799999999999997,NYY
313,Josh H. Smith-TEX,18.0,9.0,240.0,147.0,-2.677,0.9550000000000001,TEX
314,Josh Harrison-PHI,2.0,9.0,114.0,63.0,-0.266,1.0510000000000002,PHI
315,Josh Jung-TEX,53.0,21.0,550.0,257.0,-9.742000000000003,4.475999999999999,TEX
316,Josh Lowe-TB,30.0,26.0,452.0,178.0,-2.8570000000000007,3.6250000000000004,TB
317,Josh Naylor-CLE,8.0,18.0,396.0,136.0,-1.2750000000000001,3.174,CLE
318,Josh Rojas-AZ,24.0,16.0,260.0,162.0,-3.208,2.284,AZ
319,Josh Rojas-SEA,0.0,2.0,23.0,9.0,0.0,0.24200000000000002,SEA
320,Juan Soto-SD,46.0,47.0,896.0,423.0,-6.5040000000000004,8.815999999999997,SD
321,Juan Yepez-STL,0.0,4.0,54.0,29.0,0.0,0.263,STL
322,Julio Rodriguez-SEA,24.0,36.0,584.0,262.0,-4.336,4.929000000000001,SEA
323,Jurickson Profar-COL,24.0,37.0,653.0,273.0,-2.4520000000000004,5.498,COL
324,Justin Turner-BOS,36.0,39.0,681.0,347.0,-4.271,5.033,BOS
325,Ke'Bryan Hayes-PIT,38.0,17.0,412.0,272.0,-7.668,2.135,PIT
326,Keibert Ruiz-WSH,27.0,23.0,421.0,219.0,-3.4640000000000004,2.262,WSH
327,Kerry Carpenter-DET,18.0,10.0,327.0,153.0,-1.647,0.833,DET
328,Ketel Marte-AZ,45.0,51.0,658.0,300.0,-6.582,6.51,AZ
329,Kevin Kiermaier-TOR,25.0,17.0,364.0,165.0,-2.8960000000000004,3.062,TOR
330,Kevin Newman-CIN,21.0,11.0,284.0,176.0,-2.371,1.363,CIN
331,Kevin Pillar-ATL,8.0,7.0,145.0,72.0,-0.6829999999999999,0.6839999999999999,ATL
332,Kevin Smith-OAK,7.0,2.0,92.0,68.0,-1.1360000000000001,0.25,OAK
333,Kody Clemens-PHI,11.0,7.0,181.0,121.0,-1.433,1.22,PHI
334,Kole Calhoun-CLE,2.0,1.0,40.0,20.0,-0.186,0.092,CLE
335,Kolten Wong-SEA,16.0,23.0,291.0,133.0,-2.318,2.6710000000000003,SEA
336,Kris Bryant-COL,27.0,11.0,365.0,153.0,-3.5490000000000004,1.4449999999999998,COL
337,Kyle Farmer-MIN,17.0,11.0,305.0,202.0,-2.1510000000000002,1.2699999999999998,MIN
338,Kyle Garlick-MIN,2.0,3.0,41.0,28.0,-0.132,0.405,MIN
339,Kyle Higashioka-NYY,13.0,12.0,245.0,130.0,-1.2680000000000002,1.55,NYY
340,Kyle Isbel-KC,15.0,15.0,232.0,137.0,-1.5650000000000002,1.896,KC
341,Kyle Lewis-AZ,6.0,3.0,60.0,29.0,-0.9039999999999999,0.29500000000000004,AZ
342,Kyle Schwarber-PHI,40.0,48.0,848.0,416.0,-6.302,9.057000000000002,PHI
343,Kyle Stowers-BAL,2.0,4.0,40.0,14.0,-0.916,0.44500000000000006,BAL
344,Kyle Tucker-HOU,25.0,51.0,683.0,248.0,-3.706000000000001,7.784000000000001,HOU
345,LaMonte Wade Jr.-SF,37.0,29.0,653.0,312.0,-5.0440000000000005,4.559,SF
346,Lane Thomas-WSH,53.0,22.0,680.0,411.0,-8.802999999999997,2.712,WSH
347,Lars Nootbaar-STL,38.0,36.0,593.0,365.0,-4.822,3.8979999999999997,STL
348,Leody Taveras-TEX,38.0,24.0,503.0,223.0,-4.687,2.585,TEX
349,Liover Peguero-PIT,10.0,4.0,77.0,48.0,-1.6360000000000001,0.356,PIT
350,Logan O'Hoppe-LAA,7.0,4.0,76.0,32.0,-1.038,1.19,LAA
351,Lourdes Gurriel-AZ,32.0,27.0,521.0,291.0,-3.8450000000000006,3.6530000000000005,AZ
352,Luis Arraez-MIA,35.0,28.0,514.0,284.0,-3.3820000000000006,2.9330000000000003,MIA
353,Luis Campusano-SD,8.0,1.0,76.0,41.0,-1.3820000000000001,0.127,SD
354,Luis Garcia-WSH,48.0,11.0,450.0,204.0,-6.8199999999999985,1.032,WSH
355,Luis Guillorme-NYM,13.0,9.0,164.0,97.0,-1.615,1.023,NYM
356,Luis Matos-SF,14.0,5.0,220.0,99.0,-1.235,0.909,SF
357,Luis Rengifo-LAA,35.0,22.0,478.0,182.0,-3.920000000000001,3.5140000000000007,LAA
358,Luis Robert-CWS,29.0,18.0,465.0,200.0,-4.046,1.855,CWS
359,Luis Urias-BOS,2.0,3.0,42.0,30.0,-0.592,0.42000000000000004,BOS
360,Luis Urias-MIL,10.0,7.0,96.0,71.0,-0.9590000000000001,2.266,MIL
361,Luke Maile-CIN,19.0,9.0,186.0,116.0,-2.3850000000000002,0.9790000000000001,CIN
362,Luke Raley-TB,16.0,16.0,400.0,139.0,-1.837,2.123,TB
363,Luke Voit-MIL,11.0,6.0,96.0,39.0,-1.342,0.40800000000000003,MIL
364,Luke Williams-LAD,3.0,0.0,8.0,7.0,-0.20800000000000002,0.0,LAD
365,MJ Melendez-KC,30.0,31.0,607.0,282.0,-3.121,3.3760000000000003,KC
366,Maikel Garcia-KC,38.0,17.0,449.0,272.0,-3.9439999999999995,2.5050000000000003,KC
367,Manny Machado-SD,34.0,43.0,565.0,252.0,-3.779000000000001,5.5120000000000005,SD
368,Manny Pina-OAK,2.0,1.0,11.0,10.0,-0.30000000000000004,0.054000000000000006,OAK
369,Manuel Margot-TB,20.0,17.0,323.0,167.0,-2.628,2.3530000000000006,TB
370,Marcell Ozuna-ATL,40.0,29.0,580.0,247.0,-5.1450000000000005,3.673,ATL
371,Marcus Semien-TEX,49.0,28.0,754.0,290.0,-5.659999999999998,3.6060000000000003,TEX
372,Mark Canha-MIL,2.0,3.0,62.0,37.0,-0.167,0.4580000000000001,MIL
373,Mark Canha-NYM,31.0,13.0,422.0,284.0,-3.263000000000001,1.408,NYM
374,Mark Mathias-PIT,7.0,3.0,92.0,49.0,-0.511,0.274,PIT
375,Mark Mathias-SF,1.0,1.0,13.0,9.0,-0.07500000000000001,0.054000000000000006,SF
376,Mark Vientos-NYM,13.0,4.0,118.0,82.0,-1.4489999999999998,0.663,NYM
377,Martin Maldonado-HOU,19.0,26.0,366.0,195.0,-3.505000000000001,4.833,HOU
378,Masataka Yoshida-BOS,36.0,35.0,557.0,366.0,-4.079000000000001,3.691000000000001,BOS
379,Matt Beaty-KC,1.0,3.0,36.0,19.0,-0.10700000000000001,0.30200000000000005,KC
380,Matt Carpenter-SD,21.0,25.0,335.0,169.0,-1.9949999999999997,4.062,SD
381,Matt Chapman-TOR,50.0,35.0,740.0,371.0,-7.2250000000000005,4.674,TOR
382,Matt Duffy-KC,12.0,15.0,178.0,111.0,-1.226,1.322,KC
383,Matt McLain-CIN,46.0,37.0,476.0,328.0,-6.918000000000001,5.0809999999999995,CIN
384,Matt Mervis-CHC,8.0,6.0,132.0,57.0,-0.678,0.9969999999999999,CHC
385,Matt Olson-ATL,34.0,32.0,873.0,293.0,-4.059,5.296,ATL
386,Matt Reynolds-CIN,1.0,0.0,4.0,5.0,-0.111,0.0,CIN
387,Matt Thaiss-LAA,19.0,23.0,416.0,154.0,-2.7510000000000003,2.8380000000000005,LAA
388,Matt Vierling-DET,33.0,29.0,430.0,307.0,-4.724000000000001,4.7700000000000005,DET
389,Matt Wallner-MIN,9.0,15.0,158.0,66.0,-1.4060000000000001,3.204,MIN
390,Matthew Batten-SD,5.0,1.0,32.0,19.0,-0.46399999999999997,0.196,SD
391,Mauricio Dubon-HOU,21.0,9.0,345.0,165.0,-2.8760000000000003,1.115,HOU
392,Max Kepler-MIN,27.0,24.0,437.0,211.0,-4.454000000000001,3.5,MIN
393,Max Muncy-LAD,41.0,43.0,649.0,362.0,-6.5329999999999995,6.409999999999999,LAD
394,Meibrys Viloria-CLE,0.0,2.0,7.0,1.0,0.0,0.20500000000000002,CLE
395,Michael Brosseau-MIL,7.0,7.0,90.0,58.0,-0.915,1.024,MIL
396,Michael Busch-LAD,6.0,2.0,75.0,34.0,-0.499,0.30400000000000005,LAD
397,Michael Chavis-WSH,2.0,8.0,98.0,32.0,-0.16999999999999998,1.179,WSH
398,Michael Conforto-SF,44.0,22.0,568.0,259.0,-9.475999999999999,4.1659999999999995,SF
399,Michael Harris II-ATL,23.0,17.0,404.0,223.0,-1.7810000000000004,1.8580000000000003,ATL
400,Michael Massey-KC,25.0,17.0,417.0,178.0,-3.5920000000000005,3.134,KC
401,Michael Perez-NYM,0.0,1.0,11.0,3.0,0.0,0.05600000000000001,NYM
402,Michael Stefanic-LAA,2.0,1.0,33.0,20.0,-1.845,0.07500000000000001,LAA
403,Michael Taylor-MIN,26.0,19.0,401.0,188.0,-5.429,2.3920000000000003,MIN
404,Michael Toglia-COL,11.0,6.0,150.0,63.0,-1.5380000000000003,1.323,COL
405,Mickey Moniak-LAA,10.0,13.0,233.0,89.0,-0.9740000000000001,1.6560000000000001,LAA
406,Miguel Amaya-CHC,11.0,14.0,149.0,81.0,-2.0199999999999996,1.668,CHC
407,Miguel Andujar-PIT,2.0,2.0,37.0,21.0,-0.162,0.159,PIT
408,Miguel Cabrera-DET,16.0,17.0,315.0,148.0,-4.003000000000001,4.0280000000000005,DET
409,Miguel Rojas-LAD,25.0,13.0,332.0,174.0,-2.23,1.695,LAD
410,Miguel Vargas-LAD,27.0,17.0,443.0,200.0,-4.765000000000001,3.3339999999999996,LAD
411,Mike Ford-SEA,17.0,11.0,227.0,112.0,-2.37,1.236,SEA
412,Mike Moustakas-COL,11.0,14.0,202.0,97.0,-1.422,3.519,COL
413,Mike Moustakas-LAA,7.0,8.0,161.0,81.0,-0.597,0.626,LAA
414,Mike Tauchman-CHC,19.0,20.0,428.0,194.0,-2.901,3.048,CHC
415,Mike Trout-LAA,24.0,33.0,604.0,218.0,-3.2680000000000007,4.048000000000001,LAA
416,Mike Yastrzemski-SF,36.0,19.0,412.0,236.0,-6.405000000000001,3.7809999999999997,SF
417,Mike Zunino-CLE,12.0,23.0,212.0,99.0,-1.444,2.805,CLE
418,Miles Mastrobuoni-CHC,17.0,11.0,181.0,117.0,-1.922,1.632,CHC
419,Mitch Garver-TEX,17.0,15.0,287.0,151.0,-2.463,1.353,TEX
420,Mitch Haniger-SF,12.0,10.0,198.0,120.0,-1.034,2.039,SF
421,Mookie Betts-LAD,44.0,26.0,779.0,395.0,-5.918000000000002,3.019,LAD
422,Myles Straw-CLE,29.0,42.0,525.0,347.0,-4.768,6.1000000000000005,CLE
423,Nate Eaton-KC,7.0,4.0,61.0,40.0,-1.004,1.152,KC
424,Nate Lowe-TEX,40.0,34.0,817.0,354.0,-5.987000000000001,4.915,TEX
425,Nelson Cruz-SD,11.0,9.0,162.0,95.0,-1.8270000000000002,1.158,SD
426,Nelson Velazquez-CHC,1.0,2.0,41.0,12.0,-0.14800000000000002,0.11100000000000002,CHC
427,Nelson Velazquez-KC,0.0,1.0,11.0,4.0,0.0,0.131,KC
428,Nick Ahmed-AZ,19.0,10.0,184.0,125.0,-2.058,1.6449999999999998,AZ
429,Nick Allen-OAK,27.0,14.0,239.0,124.0,-4.11,1.587,OAK
430,Nick Castellanos-PHI,31.0,30.0,544.0,209.0,-5.257,3.767,PHI
431,Nick Fortes-MIA,24.0,15.0,293.0,174.0,-3.4080000000000004,1.958,MIA
432,Nick Gonzales-PIT,9.0,7.0,139.0,62.0,-1.189,0.6459999999999999,PIT
433,Nick Gordon-MIN,7.0,12.0,95.0,32.0,-1.131,1.412,MIN
434,Nick Madrigal-CHC,35.0,12.0,242.0,167.0,-3.8610000000000015,1.467,CHC
435,Nick Maton-DET,22.0,19.0,440.0,187.0,-2.2810000000000006,3.531,DET
436,Nick Pratto-KC,35.0,20.0,418.0,276.0,-3.5420000000000007,3.375,KC
437,Nick Senzel-CIN,27.0,18.0,315.0,145.0,-2.915000000000001,2.9230000000000005,CIN
438,Nicky Lopez-ATL,0.0,2.0,7.0,2.0,0.0,0.259,ATL
439,Nicky Lopez-KC,13.0,13.0,250.0,129.0,-1.759,1.1139999999999999,KC
440,Nico Hoerner-CHC,44.0,35.0,590.0,392.0,-5.658000000000001,4.165000000000001,CHC
441,Nolan Arenado-STL,45.0,25.0,555.0,303.0,-4.481000000000002,3.244,STL
442,Nolan Gorman-STL,27.0,24.0,588.0,213.0,-4.051,3.5219999999999994,STL
443,Nolan Jones-COL,24.0,17.0,365.0,213.0,-2.9350000000000005,2.591,COL
444,Omar Narvaez-NYM,5.0,3.0,113.0,45.0,-0.837,0.21500000000000002,NYM
445,Oneil Cruz-PIT,3.0,4.0,55.0,26.0,-0.348,0.34700000000000003,PIT
446,Orlando Arcia-ATL,24.0,30.0,514.0,263.0,-2.704,3.3810000000000002,ATL
447,Oscar Colas-CWS,8.0,4.0,193.0,100.0,-0.606,0.488,CWS
448,Oscar Gonzalez-CLE,5.0,6.0,134.0,63.0,-0.37400000000000005,0.8859999999999999,CLE
449,Oscar Mercado-STL,0.0,2.0,36.0,14.0,0.0,0.291,STL
450,Oswald Peraza-NYY,6.0,1.0,101.0,49.0,-0.6060000000000001,0.131,NYY
451,Oswaldo Cabrera-NYY,12.0,14.0,271.0,125.0,-1.798,1.3090000000000004,NYY
452,Owen Miller-MIL,24.0,25.0,364.0,220.0,-3.4470000000000005,3.1160000000000005,MIL
453,Ozzie Albies-ATL,30.0,34.0,665.0,204.0,-3.339000000000001,5.507,ATL
454,Pablo Reyes-BOS,11.0,7.0,140.0,88.0,-0.9840000000000001,1.189,BOS
455,Patrick Bailey-SF,18.0,18.0,314.0,182.0,-2.4490000000000003,2.747,SF
456,Patrick Wisdom-CHC,27.0,30.0,441.0,173.0,-3.8990000000000005,4.337000000000001,CHC
457,Paul DeJong-STL,20.0,16.0,371.0,169.0,-2.9939999999999998,2.2279999999999998,STL
458,Paul DeJong-TOR,3.0,1.0,23.0,14.0,-0.223,0.066,TOR
459,Paul Goldschmidt-STL,32.0,33.0,737.0,411.0,-4.565,4.135,STL
460,Pavin Smith-AZ,15.0,21.0,315.0,178.0,-2.4939999999999998,3.4530000000000003,AZ
461,Pete Alonso-NYM,45.0,36.0,634.0,341.0,-5.860000000000002,3.8280000000000007,NYM
462,Peyton Burdick-MIA,2.0,2.0,49.0,18.0,-0.35,0.462,MIA
463,Rafael Devers-BOS,27.0,22.0,610.0,202.0,-3.3600000000000003,2.2449999999999997,BOS
464,Rafael Ortega-NYM,4.0,0.0,65.0,40.0,-0.69,0.0,NYM
465,Raimel Tapia-BOS,4.0,7.0,112.0,65.0,-0.43600000000000005,0.555,BOS
466,Raimel Tapia-MIL,3.0,5.0,78.0,36.0,-0.226,0.516,MIL
467,Ramon Laureano-CLE,2.0,2.0,28.0,13.0,-0.28300000000000003,0.23700000000000002,CLE
468,Ramon Laureano-OAK,18.0,27.0,334.0,154.0,-2.207,3.570999999999999,OAK
469,Ramon Urias-BAL,20.0,14.0,342.0,184.0,-2.35,2.779,BAL
470,Randal Grichuk-COL,16.0,15.0,312.0,145.0,-1.278,2.647,COL
471,Randal Grichuk-LAA,4.0,6.0,65.0,25.0,-0.309,0.891,LAA
472,Randy Arozarena-TB,48.0,37.0,685.0,372.0,-5.854999999999999,3.961000000000001,TB
473,Reese McGuire-BOS,7.0,5.0,132.0,87.0,-0.644,0.62,BOS
474,Rene Pinto-TB,1.0,1.0,20.0,6.0,-0.11799999999999998,0.07500000000000001,TB
475,Riley Adams-WSH,9.0,6.0,137.0,62.0,-1.423,0.9179999999999999,WSH
476,Riley Greene-DET,39.0,32.0,491.0,232.0,-5.274000000000002,5.2509999999999994,DET
477,Rob Refsnyder-BOS,18.0,16.0,296.0,173.0,-2.6319999999999997,2.6109999999999998,BOS
478,Robbie Grossman-TEX,47.0,24.0,482.0,270.0,-7.412000000000001,4.255000000000001,TEX
479,Roberto Perez-SF,1.0,2.0,30.0,12.0,-0.054000000000000006,0.28,SF
480,Rodolfo Castro-PIT,11.0,17.0,291.0,129.0,-1.588,2.03,PIT
481,Romy Gonzalez-CWS,8.0,4.0,112.0,63.0,-1.7550000000000001,0.379,CWS
482,Ronald Acuna-ATL,32.0,54.0,779.0,286.0,-4.634,7.761000000000001,ATL
483,Rougned Odor-SD,6.0,16.0,221.0,68.0,-1.521,2.141,SD
484,Rowdy Tellez-MIL,17.0,24.0,436.0,294.0,-1.3639999999999999,3.9560000000000004,MIL
485,Royce Lewis-MIN,5.0,3.0,98.0,68.0,-0.8109999999999999,0.21300000000000002,MIN
486,Ryan Jeffers-MIN,15.0,13.0,310.0,173.0,-2.4939999999999998,2.036,MIN
487,Ryan Kreidler-DET,2.0,1.0,16.0,16.0,-0.269,0.111,DET
488,Ryan McKenna-BAL,12.0,9.0,134.0,51.0,-2.36,2.2279999999999998,BAL
489,Ryan McMahon-COL,34.0,64.0,750.0,329.0,-5.303000000000002,8.35,COL
490,Ryan Mountcastle-BAL,34.0,15.0,392.0,178.0,-3.7110000000000003,2.124,BAL
491,Ryan Noda-OAK,32.0,41.0,566.0,245.0,-4.330000000000001,6.633,OAK
492,Ryan O'Hearn-BAL,22.0,8.0,321.0,152.0,-4.529,0.9850000000000001,BAL
493,Sal Frelick-MIL,13.0,10.0,137.0,69.0,-1.4160000000000001,1.454,MIL
494,Salvador Perez-KC,19.0,13.0,437.0,146.0,-2.6310000000000002,1.1090000000000002,KC
495,Sam Haggerty-SEA,5.0,5.0,71.0,33.0,-0.593,1.7980000000000003,SEA
496,Sam Hilliard-ATL,6.0,10.0,109.0,59.0,-1.334,1.137,ATL
497,Sam Huff-TEX,4.0,3.0,41.0,18.0,-0.34299999999999997,0.88,TEX
498,Samad Taylor-KC,5.0,3.0,86.0,38.0,-0.767,0.16899999999999998,KC
499,Sandy Leon-TEX,4.0,3.0,56.0,50.0,-0.7410000000000001,0.786,TEX
500,Santiago Espinal-TOR,23.0,7.0,232.0,149.0,-2.7829999999999995,0.6940000000000001,TOR
501,Sean Murphy-ATL,28.0,21.0,472.0,217.0,-3.491,2.793,ATL
502,Seby Zavala-CWS,8.0,10.0,207.0,95.0,-0.771,2.137,CWS
503,Seiya Suzuki-CHC,44.0,54.0,616.0,356.0,-5.552,6.183999999999999,CHC
504,Seth Brown-OAK,10.0,13.0,317.0,141.0,-0.719,1.0989999999999998,OAK
505,Shea Langeliers-OAK,29.0,32.0,459.0,214.0,-5.566,5.562000000000001,OAK
506,Shelby Miller-LAD,1.0,0.0,0.0,2.0,-0.213,0.0,LAD
507,Shohei Ohtani-LAA,58.0,98.0,1502.0,520.0,-8.507999999999997,12.518,LAA
508,Spencer Horwitz-TOR,1.0,0.0,19.0,10.0,-0.101,0.0,TOR
509,Spencer Steer-CIN,40.0,35.0,672.0,370.0,-5.5,3.9990000000000006,CIN
510,Spencer Torkelson-DET,42.0,39.0,690.0,343.0,-5.019,4.64,DET
511,Starling Marte-NYM,22.0,11.0,362.0,185.0,-2.273,1.913,NYM
512,Steven Kwan-CLE,49.0,42.0,731.0,474.0,-5.912999999999998,4.345000000000001,CLE
513,Stone Garrett-WSH,17.0,9.0,308.0,116.0,-2.478,1.566,WSH
514,Stuart Fairchild-CIN,13.0,11.0,274.0,106.0,-2.1310000000000002,1.7810000000000001,CIN
515,TJ Friedl-CIN,22.0,29.0,531.0,320.0,-3.4670000000000005,4.3180000000000005,CIN
516,Taylor Motter-STL,9.0,3.0,75.0,35.0,-1.1190000000000002,0.28400000000000003,STL
517,Taylor Trammell-SEA,5.0,7.0,93.0,39.0,-1.037,1.972,SEA
518,Taylor Walls-TB,22.0,29.0,414.0,203.0,-2.356,3.293,TB
519,Taylor Ward-LAA,29.0,33.0,602.0,258.0,-5.11,4.591000000000001,LAA
520,Teoscar Hernandez-SEA,43.0,21.0,571.0,289.0,-5.183000000000002,2.4379999999999997,SEA
521,Terrin Vavra-BAL,5.0,5.0,69.0,27.0,-0.767,0.49500000000000005,BAL
522,Thairo Estrada-SF,36.0,13.0,369.0,234.0,-4.447,1.831,SF
523,Tim Anderson-CWS,17.0,21.0,430.0,214.0,-1.774,4.414000000000001,CWS
524,Tim Locastro-NYM,1.0,1.0,7.0,8.0,-0.248,0.173,NYM
525,Tom Murphy-SEA,9.0,6.0,190.0,85.0,-0.72,0.5980000000000001,SEA
526,Tomas Nido-NYM,1.0,4.0,53.0,19.0,-0.07500000000000001,0.688,NYM
527,Tommy Edman-STL,25.0,23.0,385.0,227.0,-3.674000000000001,2.217,STL
528,Tommy La Stella-SEA,0.0,3.0,41.0,23.0,0.0,0.268,SEA
529,Tommy Pham-AZ,5.0,3.0,44.0,23.0,-0.478,0.23199999999999998,AZ
530,Tommy Pham-NYM,16.0,13.0,397.0,209.0,-2.011,1.5499999999999998,NYM
531,Tony Kemp-OAK,25.0,14.0,381.0,211.0,-2.575,1.4130000000000005,OAK
532,Travis Jankowski-TEX,19.0,16.0,336.0,194.0,-2.936,1.75,TEX
533,Travis d'Arnaud-ATL,8.0,16.0,261.0,96.0,-0.6060000000000001,1.937,ATL
534,Trayce Thompson-CWS,5.0,0.0,32.0,16.0,-0.624,0.0,CWS
535,Trayce Thompson-LAD,10.0,7.0,159.0,74.0,-1.494,1.5799999999999998,LAD
536,Trea Turner-PHI,41.0,20.0,626.0,274.0,-4.274,2.645,PHI
537,Trent Grisham-SD,26.0,59.0,675.0,330.0,-3.051,9.860999999999999,SD
538,Trevor Larnach-MIN,21.0,9.0,325.0,140.0,-3.125,1.108,MIN
539,Trevor Story-BOS,4.0,1.0,16.0,16.0,-0.608,0.07500000000000001,BOS
540,Trey Mancini-CHC,20.0,18.0,339.0,162.0,-2.673,2.199,CHC
541,Triston Casas-BOS,30.0,36.0,590.0,239.0,-4.968999999999999,5.944999999999999,BOS
542,Tucker Barnhart-CHC,11.0,10.0,149.0,94.0,-0.9119999999999999,1.323,CHC
543,Tucupita Marcano-PIT,13.0,13.0,233.0,105.0,-1.4600000000000002,1.616,PIT
544,Ty France-SEA,34.0,20.0,536.0,225.0,-4.383000000000001,2.486,SEA
545,Tyler Freeman-CLE,5.0,2.0,118.0,63.0,-0.48300000000000004,0.08000000000000002,CLE
546,Tyler Heineman-PIT,1.0,1.0,10.0,5.0,-0.101,0.054000000000000006,PIT
547,Tyler Heineman-TOR,0.0,2.0,33.0,13.0,0.0,0.11200000000000002,TOR
548,Tyler Nevin-DET,7.0,4.0,76.0,39.0,-1.01,0.348,DET
549,Tyler O'Neill-STL,17.0,10.0,264.0,124.0,-1.5600000000000003,1.12,STL
550,Tyler Soderstrom-OAK,3.0,2.0,103.0,39.0,-0.34400000000000003,0.553,OAK
551,Tyler Stephenson-CIN,40.0,39.0,590.0,320.0,-5.215999999999999,5.213,CIN
552,Tyler Wade-OAK,2.0,6.0,64.0,46.0,-0.181,1.4740000000000002,OAK
553,Tyrone Taylor-MIL,7.0,3.0,125.0,65.0,-1.071,0.288,MIL
554,Vaughn Grissom-ATL,2.0,2.0,74.0,33.0,-0.191,0.09000000000000001,ATL
555,Victor Caratini-MIL,12.0,16.0,228.0,113.0,-1.2550000000000001,2.213,MIL
556,Victor Robles-WSH,12.0,9.0,155.0,44.0,-1.2200000000000002,1.4120000000000001,WSH
557,Vidal Brujan-TB,6.0,0.0,60.0,33.0,-0.892,0.0,TB
558,Vinnie Pasquantino-KC,18.0,12.0,347.0,180.0,-1.9580000000000002,1.7369999999999999,KC
559,Vladimir Guerrero Jr.-TOR,38.0,26.0,590.0,239.0,-6.432000000000002,3.349,TOR
560,Wander Franco-TB,21.0,42.0,657.0,335.0,-1.9149999999999998,5.257000000000001,TB
561,Whit Merrifield-TOR,29.0,13.0,526.0,265.0,-2.833,1.506,TOR
562,Wil Myers-CIN,8.0,21.0,196.0,110.0,-1.612,3.958,CIN
563,Will Benson-CIN,11.0,19.0,347.0,165.0,-2.291,3.0189999999999997,CIN
564,Will Brennan-CLE,14.0,16.0,320.0,161.0,-1.426,1.495,CLE
565,Will Smith-LAD,38.0,20.0,606.0,282.0,-4.151,2.33,LAD
566,Willi Castro-MIN,19.0,19.0,349.0,181.0,-2.1500000000000004,2.561,MIN
567,William Contreras-MIL,36.0,23.0,534.0,308.0,-4.33,2.205,MIL
568,Willie Calhoun-NYY,8.0,18.0,219.0,107.0,-1.021,2.501,NYY
569,Willson Contreras-STL,29.0,26.0,514.0,215.0,-3.819000000000001,4.169,STL
570,Willy Adames-MIL,34.0,27.0,623.0,259.0,-4.040000000000001,3.6060000000000003,MIL
571,Wilmer Flores-SF,47.0,14.0,386.0,256.0,-7.656000000000001,2.1910000000000003,SF
572,Xander Bogaerts-SD,42.0,34.0,650.0,415.0,-5.547,3.4030000000000014,SD
573,Xavier Edwards-MIA,1.0,1.0,22.0,14.0,-0.6799999999999999,0.07500000000000001,MIA
574,Yainer Diaz-HOU,13.0,11.0,234.0,90.0,-1.246,1.154,HOU
575,Yan Gomes-CHC,26.0,16.0,329.0,175.0,-3.779000000000001,2.105,CHC
576,Yandy Diaz-TB,40.0,26.0,648.0,317.0,-6.218999999999999,4.034000000000001,TB
577,Yasmani Grandal-CWS,26.0,27.0,454.0,265.0,-3.601,3.3980000000000006,CWS
578,Yoan Moncada-CWS,15.0,9.0,261.0,135.0,-2.9720000000000004,0.7369999999999999,CWS
579,Yonathan Daza-COL,5.0,6.0,74.0,39.0,-0.488,0.651,COL
580,Yonny Hernandez-LAD,9.0,1.0,42.0,23.0,-2.001,0.07400000000000001,LAD
581,Yordan Alvarez-HOU,27.0,15.0,440.0,191.0,-2.775,1.8540000000000003,HOU
582,Yu Chang-BOS,8.0,3.0,100.0,62.0,-0.644,0.377,BOS
583,Yulieski Gurriel-MIA,25.0,16.0,312.0,202.0,-5.191000000000001,1.758,MIA
584,Zach McKinstry-DET,37.0,21.0,507.0,245.0,-5.414,3.6359999999999997,DET
585,Zach Neto-LAA,16.0,10.0,310.0,150.0,-2.615,1.585,LAA
586,Zach Remillard-CWS,15.0,15.0,149.0,94.0,-2.124,1.556,CWS
587,Zack Gelof-OAK,8.0,8.0,140.0,50.0,-0.46699999999999997,0.8660000000000001,OAK
588,Zack Short-DET,15.0,15.0,261.0,150.0,-2.233,2.9939999999999998,DET
